ortsteil,alcohol,animal_training,antiques,art,bar,bathing_place,books,butcher,childcare,clothes,community_centre,confectionery,convenience,deli,dog_park,electronics,fitness_station,florist,fountain,garden,greenfield,greengrocer,hairdresser,ice_cream,kiosk,marina,nature_reserve,nightclub,parking,pitch,playground,restaurant,second_hand,stationery,supermarket,tea;art,theatre,travel_agency,vacant,wine,yes,cafes,bakeries,green_space,schools,medical
Adlershof,0,0,0,0,2,0,0,0,0,0,0,0,0,0,0,0,0,0,0,0,0,0,0,0,0,0,0,0,0,0,34,32,0,0,10,0,0,0,0,0,1,11,1,215,17,8
Alt-Hohenschönhausen,0,0,0,0,7,0,0,0,0,0,0,0,0,0,0,0,0,0,0,0,0,0,0,0,0,0,0,0,0,0,82,20,0,0,15,0,0,0,0,0,0,9,0,375,38,8
Alt-Treptow,0,0,0,0,4,0,0,0,0,0,1,0,0,0,0,0,0,0,0,0,0,0,0,0,0,0,0,4,0,0,15,18,0,0,7,0,0,0,0,0,0,8,1,183,13,5
Altglienicke,0,0,0,0,0,0,0,0,0,0,0,0,0,0,0,0,0,0,0,0,0,0,0,0,0,0,0,0,0,0,50,12,0,0,9,0,1,0,0,0,0,2,1,287,22,3
Baumschulenweg,0,0,0,0,2,0,0,0,0,0,0,0,0,0,0,0,0,0,0,0,0,0,0,0,0,0,0,0,0,0,24,9,0,0,3,0,0,0,0,0,0,5,0,62,14,3
Biesdorf,0,1,0,0,0,0,0,0,0,0,0,0,0,0,0,0,0,0,0,1,0,0,0,0,0,0,0,0,0,0,56,13,0,0,12,0,0,0,0,0,0,7,0,427,30,10
Blankenburg,0,0,0,0,0,0,0,0,0,0,0,0,0,0,0,0,0,0,0,0,0,0,0,0,0,0,0,0,0,0,7,2,0,0,3,0,0,0,0,0,0,1,0,38,3,1
Blankenfelde,0,0,0,0,0,0,0,0,0,0,0,0,0,0,0,0,0,0,0,1,0,0,0,0,0,0,0,0,0,0,3,1,0,0,0,0,0,0,0,0,0,3,0,55,7,0
Bohnsdorf,0,0,0,0,0,0,0,0,0,0,0,0,0,0,0,0,0,0,0,0,0,0,0,0,0,0,0,0,0,0,16,5,0,0,7,0,0,0,0,0,0,2,0,44,12,3
Borsigwalde,0,0,0,0,0,0,0,0,0,0,0,0,0,0,0,0,0,0,0,0,0,0,0,0,0,0,0,0,0,0,14,5,0,0,2,0,0,0,0,0,0,1,0,26,12,3
Britz,0,0,0,0,1,0,0,0,0,0,0,0,0,0,0,0,0,0,0,3,0,0,0,0,0,0,0,1,0,0,81,31,0,0,16,0,0,0,0,0,0,13,0,524,41,5
Buch,0,0,0,0,2,0,0,0,1,0,0,0,0,0,0,0,0,0,0,0,0,0,0,0,0,0,0,0,0,0,35,4,0,0,6,0,0,0,0,0,0,3,0,310,21,8
Buckow,0,0,0,0,2,0,0,0,0,0,0,0,0,0,0,0,0,0,0,0,0,0,0,0,0,0,0,1,0,0,82,29,0,0,18,0,0,0,0,0,0,1,0,97,32,13
Charlottenburg,0,0,1,1,51,0,0,0,0,0,0,0,0,4,0,1,0,0,0,3,0,0,0,0,1,0,0,12,0,0,83,471,0,0,62,0,0,0,0,1,0,253,4,539,112,47
Charlottenburg-Nord,0,0,0,0,0,0,0,0,0,0,0,0,0,0,0,0,0,0,0,0,0,0,0,0,0,0,0,1,0,0,73,7,0,0,4,0,0,0,0,0,0,2,0,92,16,3
Dahlem,0,0,0,0,0,0,0,0,0,0,0,0,0,0,0,0,0,0,0,0,0,0,0,0,0,0,0,0,0,0,34,19,0,0,4,0,0,0,0,0,0,26,0,330,63,10
Falkenberg,0,0,0,0,0,0,0,0,0,0,0,0,0,0,0,0,0,0,0,0,0,0,0,0,0,0,0,0,0,0,8,0,0,0,1,0,0,0,0,0,0,1,0,28,3,0
Falkenhagener Feld,0,0,0,0,0,0,0,0,0,0,0,0,0,0,0,0,2,0,0,0,0,0,0,0,0,0,0,0,0,0,38,11,0,0,6,0,0,0,0,0,0,0,0,93,23,5
Fennpfuhl,0,0,0,0,5,0,0,0,0,0,0,1,0,0,1,0,0,0,0,0,0,0,0,0,0,0,0,0,0,0,48,14,0,0,11,0,0,0,0,0,0,4,0,153,22,10
Französisch Buchholz,0,0,0,0,0,0,0,0,0,0,0,0,0,0,1,0,0,0,0,0,0,0,0,0,0,0,0,0,0,0,32,4,0,0,10,0,0,0,0,0,0,2,0,115,17,3
Friedenau,1,0,0,0,6,0,0,0,0,0,0,0,0,0,0,0,0,0,0,0,0,0,0,0,0,0,0,0,0,0,16,56,0,0,15,0,0,0,0,0,0,22,1,312,44,7
Friedrichsfelde,0,0,0,0,3,0,0,0,0,0,0,0,0,0,0,0,0,0,0,0,0,0,0,0,0,0,0,0,0,0,142,14,0,0,19,0,0,0,1,0,0,12,0,216,35,13
Friedrichshagen,0,0,0,0,3,1,0,0,0,0,0,0,0,0,0,0,0,0,0,0,0,0,0,0,0,0,0,0,0,0,25,31,0,0,7,0,0,0,0,0,0,6,1,75,21,4
Friedrichshain,0,0,0,0,77,0,1,1,0,0,0,0,1,0,0,0,0,0,0,1,0,0,0,0,0,0,2,29,0,0,159,308,1,0,50,0,0,0,0,0,0,141,2,776,111,26
Frohnau,0,0,0,0,2,0,0,0,0,0,0,0,0,0,0,0,0,0,0,0,0,0,0,0,0,0,0,0,0,0,7,7,0,0,5,0,0,0,0,0,0,4,1,460,15,3
Gatow,0,0,0,0,0,0,0,0,0,0,0,0,0,0,0,0,0,0,0,0,0,0,0,0,0,0,0,0,0,0,8,9,0,0,1,0,0,0,0,0,0,3,0,22,8,1
Gesundbrunnen,0,0,0,0,49,0,0,0,0,0,0,0,0,1,0,0,0,0,0,2,0,0,0,0,0,0,0,2,0,0,125,53,0,0,24,0,0,0,0,0,0,51,1,300,94,20
Gropiusstadt,0,0,0,0,2,0,0,0,0,0,0,0,0,0,0,0,0,0,0,0,0,0,0,0,0,0,0,0,0,0,78,6,0,0,10,0,0,0,0,0,0,6,0,200,25,4
Grunewald,0,0,0,0,0,0,0,0,0,0,0,0,0,0,0,0,0,0,0,0,0,0,0,0,0,0,0,0,0,0,10,15,0,0,1,0,0,0,0,0,0,3,0,172,11,1
Grünau,0,0,0,0,1,0,0,0,0,0,0,0,0,0,0,0,0,0,0,0,0,0,0,0,0,0,0,0,0,1,10,7,0,0,2,0,0,0,0,0,0,4,0,69,7,1
Hakenfelde,0,0,0,0,1,0,0,0,0,0,0,0,0,0,0,0,0,0,0,0,0,0,0,0,0,0,0,0,0,0,88,16,0,0,8,0,0,0,0,0,0,8,0,110,23,6
Halensee,0,0,0,0,3,0,0,0,0,0,0,0,0,3,0,0,0,0,0,0,0,0,0,0,0,0,0,1,0,0,5,25,0,0,8,0,0,0,0,0,0,12,0,26,12,6
Hansaviertel,0,0,0,0,0,0,0,0,0,0,0,0,0,0,0,0,0,0,0,0,0,0,0,0,0,0,0,0,0,0,7,6,0,0,1,0,0,0,0,0,0,3,1,107,6,1
Haselhorst,0,0,0,0,1,0,0,0,0,0,0,0,0,0,0,0,0,0,0,0,0,0,0,0,0,0,0,0,0,0,44,9,0,0,5,0,0,0,0,0,0,3,0,90,14,1
Heiligensee,0,0,0,0,0,0,0,0,0,0,0,0,0,0,0,0,0,0,0,0,0,0,0,0,0,0,0,0,0,0,18,15,0,0,8,0,0,0,0,0,0,3,0,71,17,2
Heinersdorf,0,0,0,0,0,0,0,0,0,0,0,0,0,0,0,0,0,0,0,0,0,0,0,0,0,0,0,0,0,0,12,5,0,0,6,0,0,0,0,0,0,2,0,81,3,1
Hellersdorf,0,0,0,0,11,0,0,0,0,0,0,0,0,0,0,0,0,0,0,0,0,0,0,0,0,0,0,0,0,0,240,16,0,0,25,0,0,0,0,0,0,6,0,619,65,15
Hermsdorf,0,0,0,0,1,0,0,0,0,0,0,0,0,0,0,0,0,0,0,0,0,0,0,0,0,0,0,0,0,0,8,17,0,0,6,0,0,0,0,0,0,3,1,36,26,5
Johannisthal,0,0,0,0,2,0,0,0,0,0,0,0,0,0,0,0,0,0,0,0,0,0,0,0,0,0,0,0,0,0,48,8,0,0,6,0,0,0,0,0,0,5,0,252,20,3
Karlshorst,0,0,0,0,1,0,0,0,0,0,0,0,0,0,0,0,0,0,0,0,0,0,0,0,0,0,0,0,0,0,57,17,0,0,8,0,0,0,0,0,0,6,0,116,36,6
Karow,0,0,0,0,0,0,0,0,0,0,0,0,0,0,0,0,0,0,0,0,0,0,0,0,0,0,0,0,0,0,63,5,0,0,6,0,0,0,0,0,0,2,0,249,18,4
Kaulsdorf,0,0,0,0,0,0,0,0,0,0,0,0,0,0,0,0,0,0,0,0,0,0,0,0,0,0,0,0,0,0,17,11,0,0,9,0,0,0,0,0,0,2,0,294,16,6
Kladow,0,0,0,0,0,0,0,0,0,0,0,0,0,0,0,0,0,0,0,0,0,0,0,0,0,0,0,0,0,0,22,13,0,0,6,0,0,0,0,0,0,6,0,113,14,3
Konradshöhe,0,0,0,0,0,0,0,0,0,0,0,0,0,0,0,0,0,0,0,0,0,0,0,0,0,0,0,0,0,0,2,4,0,0,2,0,0,0,0,0,0,1,0,6,5,1
Kreuzberg,0,0,0,0,90,0,0,0,0,0,0,1,0,2,0,0,0,0,0,1,0,0,0,0,0,0,0,19,0,0,199,413,0,0,57,0,0,0,0,0,0,246,2,1041,202,35
Köpenick,0,0,0,0,10,1,0,0,0,0,0,0,0,0,0,0,0,0,0,0,0,0,0,0,0,0,0,0,0,0,121,48,0,0,22,0,0,0,0,0,0,13,0,248,59,19
Lankwitz,0,0,0,0,2,0,0,0,0,0,0,0,0,0,0,0,0,0,0,0,0,0,0,0,0,0,0,0,0,0,61,21,0,0,14,0,0,0,0,0,0,4,0,220,43,8
Lichtenberg,0,0,0,0,7,0,0,0,0,0,0,0,0,0,0,0,0,0,0,0,0,0,0,0,0,0,0,3,0,0,54,25,0,0,17,0,0,0,0,0,0,14,2,248,34,12
Lichtenrade,0,0,0,0,1,0,0,0,0,0,0,0,0,0,0,0,0,0,0,0,0,0,0,0,0,0,0,0,0,0,52,30,0,0,13,0,0,0,0,0,0,7,0,117,44,11
Lichterfelde,0,0,0,0,3,0,0,0,0,0,0,0,0,0,0,0,0,0,0,0,0,0,0,0,0,0,0,0,0,0,83,68,0,0,27,0,0,0,0,0,0,21,1,424,77,18
Lübars,0,0,0,0,1,0,0,0,0,0,0,0,0,0,0,0,0,0,0,0,0,0,0,0,0,0,0,0,0,0,9,5,0,0,0,0,0,0,0,0,0,0,0,35,3,0
Mahlsdorf,0,0,0,0,0,0,0,0,0,0,0,0,0,0,0,0,0,0,0,0,0,0,0,0,0,0,0,0,0,0,21,11,0,0,10,0,0,0,0,0,0,7,0,179,24,8
Malchow,0,0,0,0,0,0,0,0,0,0,0,0,0,0,0,0,0,0,0,0,0,0,0,0,0,0,0,0,0,0,6,1,0,0,0,0,0,0,0,0,0,1,0,19,4,0
Mariendorf,0,0,0,0,2,0,0,0,0,0,0,0,0,0,0,0,0,0,0,0,0,0,0,0,0,0,0,0,0,0,57,38,0,0,17,0,0,0,0,0,0,13,0,245,43,12
Marienfelde,0,0,0,0,1,0,0,0,0,0,0,0,0,0,0,0,0,0,0,0,0,0,0,0,0,0,0,0,0,0,45,16,0,0,14,0,0,0,0,0,0,3,0,172,33,5
Marzahn,0,0,0,0,9,0,0,0,0,0,0,0,0,0,0,0,0,0,1,1,0,0,0,0,0,0,0,0,0,0,291,31,0,0,38,0,0,0,0,0,0,18,0,1383,70,23
Mitte,0,0,0,0,94,0,0,0,0,0,0,0,0,0,0,0,0,0,0,2,0,1,1,1,1,0,0,33,0,0,125,572,0,0,52,0,0,0,0,0,0,282,4,909,103,38
Moabit,0,0,0,0,20,0,1,0,0,0,0,0,0,1,0,0,0,0,0,0,0,0,0,0,0,0,0,2,0,0,89,128,0,0,38,0,0,0,0,0,0,86,0,437,74,15
Märkisches Viertel,0,0,0,0,2,0,0,0,0,0,1,0,0,0,0,0,0,0,0,2,0,0,0,0,0,0,0,1,0,0,70,7,0,0,7,0,0,0,0,0,0,5,0,21,27,4
Müggelheim,0,0,0,0,0,0,0,0,0,0,0,0,0,0,0,0,0,0,0,0,0,0,0,0,0,0,0,0,0,0,6,5,0,0,3,0,0,0,0,0,0,2,0,55,5,1
Neu-Hohenschönhausen,0,0,0,0,2,0,0,0,0,0,0,0,0,0,0,0,0,0,0,0,0,0,0,0,0,0,0,1,0,0,103,9,0,0,14,0,0,0,0,0,0,0,0,191,40,11
Neukölln,0,0,0,0,118,0,0,0,0,2,0,0,0,0,0,0,0,0,0,1,0,0,1,0,0,0,0,7,0,0,163,219,0,1,67,0,0,0,0,0,0,186,4,801,135,36
Niederschöneweide,0,0,0,0,6,0,0,0,0,0,0,0,0,0,0,0,0,0,0,0,0,0,0,0,0,0,0,1,0,0,33,14,0,0,6,0,0,0,0,0,0,3,2,74,20,3
Niederschönhausen,0,0,0,0,0,0,0,0,0,0,0,0,1,0,0,0,0,0,0,0,0,0,0,0,0,0,0,0,0,0,31,13,0,0,12,0,0,0,0,0,0,9,1,210,45,4
Nikolassee,0,0,0,0,0,0,0,0,0,0,0,0,0,0,0,0,0,0,0,1,0,0,0,0,0,0,0,0,0,0,14,18,0,0,6,0,0,0,0,0,0,6,0,115,21,7
Oberschöneweide,0,0,0,0,5,0,0,0,0,0,0,0,0,0,0,0,0,0,0,1,0,0,0,0,0,0,0,2,0,0,40,24,0,0,6,0,0,0,0,0,0,9,0,97,27,4
Pankow,1,0,0,0,8,0,0,0,0,0,0,0,0,0,0,0,0,0,0,0,0,0,0,0,0,0,0,0,0,0,123,39,0,0,20,0,0,0,0,0,0,23,0,164,73,16
Plänterwald,0,0,0,0,0,0,0,0,0,0,0,0,0,0,0,0,0,0,0,0,0,0,0,0,0,0,0,0,0,0,25,6,0,0,4,0,0,0,0,0,0,2,0,68,10,1
Prenzlauer Berg,0,0,0,0,86,0,0,0,0,0,0,2,0,2,1,0,0,1,0,3,0,0,0,1,0,0,0,7,0,0,182,370,0,0,71,0,0,0,0,0,0,200,6,692,184,32
Rahnsdorf,0,0,0,0,0,0,0,0,0,0,0,0,0,0,0,0,0,0,0,0,0,0,0,0,0,1,0,0,0,0,22,9,0,0,4,0,0,0,0,0,0,2,0,71,8,4
Reinickendorf,0,0,0,0,22,0,0,0,0,0,0,0,1,0,0,0,0,0,0,6,0,0,0,0,0,0,0,0,0,0,164,47,0,0,30,0,0,0,0,0,0,18,0,942,63,18
Rosenthal,0,0,0,0,0,0,0,0,0,0,0,0,0,0,0,0,0,0,0,0,0,0,0,0,0,0,0,0,0,0,8,6,0,0,6,0,0,0,0,0,0,2,0,34,5,1
Rudow,0,0,0,0,1,0,0,0,0,0,0,0,0,0,0,0,0,0,0,0,0,0,0,0,0,0,0,1,0,0,39,25,0,0,9,0,0,0,0,0,0,5,0,141,26,8
Rummelsburg,0,0,0,0,11,0,0,0,0,0,0,0,0,0,0,0,0,0,0,1,0,0,0,0,0,0,0,1,0,0,44,17,0,0,7,0,0,0,0,0,0,15,0,105,25,4
Schmargendorf,0,0,0,0,2,0,0,0,0,0,0,0,0,1,0,0,0,0,0,0,0,0,0,0,0,0,0,1,0,0,30,19,0,0,8,0,0,0,0,0,0,11,0,210,18,10
Schmöckwitz,0,0,0,0,0,0,0,0,0,0,0,0,0,0,0,0,0,0,0,0,0,0,0,0,0,0,0,0,0,0,3,10,0,0,0,0,0,0,0,0,0,2,0,40,4,0
Schöneberg,1,0,0,0,61,0,0,0,0,0,1,2,0,2,0,0,0,0,0,0,0,0,0,1,2,0,0,4,0,0,140,221,0,0,55,0,0,0,0,0,0,149,6,856,143,35
Siemensstadt,0,0,0,0,0,0,0,0,0,0,0,0,0,0,0,0,0,0,0,0,0,0,0,0,0,0,0,0,0,0,22,20,0,0,7,0,0,0,0,0,0,1,0,48,12,3
Spandau,0,0,0,0,3,0,0,0,0,0,0,0,0,0,0,0,0,0,0,0,0,0,0,0,0,0,0,1,0,0,44,42,0,0,24,0,0,0,0,0,0,21,2,209,40,16
Staaken,0,0,0,0,0,0,0,0,0,0,0,0,0,0,0,0,0,0,0,0,0,0,0,0,0,0,0,0,0,0,58,15,0,0,9,0,0,0,0,0,0,3,0,158,27,4
Stadtrandsiedlung Malchow,0,0,0,0,0,0,0,0,0,0,0,0,0,0,0,0,0,0,0,0,0,0,0,0,0,0,0,0,0,0,1,1,0,0,0,0,0,0,0,0,0,0,0,76,2,0
Steglitz,0,0,0,0,9,0,0,0,0,0,1,1,0,0,0,0,0,0,0,0,1,0,0,0,0,0,0,0,0,0,46,84,0,0,28,0,0,0,0,0,0,48,1,303,88,22
Tegel,0,0,0,0,6,0,0,0,0,0,0,0,0,0,0,0,0,0,0,1,0,0,0,0,0,0,0,1,1,0,58,43,0,0,14,0,0,0,0,0,0,19,0,192,34,11
Tempelhof,0,0,0,0,6,0,0,0,0,0,0,0,0,0,0,0,0,0,0,2,0,0,0,0,0,0,0,2,0,0,64,42,0,0,28,0,0,0,0,0,0,22,1,481,58,13
Tiergarten,0,0,0,0,15,0,0,0,0,0,0,0,1,0,0,0,0,0,0,0,0,0,0,0,0,0,0,2,0,0,28,63,0,0,4,0,0,0,0,0,0,32,1,609,18,4
Waidmannslust,0,0,0,0,2,0,0,0,0,0,0,0,0,0,0,0,0,0,0,0,0,0,0,0,0,0,0,0,0,0,23,10,0,0,6,0,0,0,0,0,0,2,0,45,16,4
Wannsee,0,0,0,0,0,0,0,0,0,0,0,0,0,0,0,0,0,0,0,0,0,0,0,0,0,0,0,0,0,1,5,23,0,0,4,0,0,0,0,0,0,6,0,275,7,4
Wartenberg,0,0,0,0,0,0,0,0,0,0,0,0,0,0,0,0,0,0,0,0,0,0,0,0,0,0,0,0,0,0,5,2,0,0,1,0,0,0,0,0,0,0,0,48,5,0
Wedding,0,0,0,0,62,0,0,0,0,0,0,0,1,0,0,0,0,0,0,0,0,0,0,0,0,0,0,2,0,0,108,81,0,0,27,0,0,0,0,0,0,73,1,687,95,40
Weißensee,0,0,0,0,12,0,0,0,0,0,0,0,0,0,0,0,0,0,0,1,0,0,0,0,0,0,0,1,0,0,79,39,0,0,19,0,0,0,0,0,0,20,0,209,52,14
Westend,0,0,0,0,4,0,0,0,0,0,0,0,0,0,0,0,0,0,0,0,0,0,0,0,0,0,0,0,0,0,36,46,0,0,11,0,0,1,0,0,0,20,0,247,41,15
Wilhelmsruh,0,0,0,0,0,0,0,0,0,0,0,0,0,0,0,0,0,0,0,0,0,0,0,0,0,0,0,0,0,0,7,3,0,0,2,0,0,0,0,0,0,4,0,8,12,1
Wilhelmstadt,0,0,0,0,4,0,0,0,0,0,0,0,0,0,0,0,0,0,0,0,0,0,0,0,0,0,0,0,0,0,51,30,0,0,13,0,0,0,0,0,0,9,0,198,30,11
Wilmersdorf,1,0,0,0,14,0,0,0,0,0,0,0,0,1,0,0,0,0,0,0,0,0,0,0,0,0,0,1,0,0,62,167,0,0,33,0,0,0,0,0,0,74,4,382,123,34
Wittenau,0,0,0,0,2,0,0,0,0,0,0,0,0,0,0,0,0,0,0,0,0,0,0,0,0,0,0,0,0,0,58,21,0,0,10,0,0,0,0,0,0,1,0,236,24,4
Zehlendorf,0,0,0,0,4,0,0,0,0,0,0,0,0,0,0,0,0,0,0,0,0,0,0,0,0,0,0,0,0,0,76,50,0,0,18,1,0,0,0,0,0,17,0,342,56,19
