bezirk,ortsteil,subdistrict_population_age_0_5,subdistrict_population_age_5_10,subdistrict_population_age_10_15,subdistrict_population_age_15_20,subdistrict_population_age_20_25,subdistrict_population_age_25_30,subdistrict_population_age_30_35,subdistrict_population_age_35_40,subdistrict_population_age_40_45,subdistrict_population_age_45_50,subdistrict_population_age_50_55,subdistrict_population_age_55_60,subdistrict_population_age_60_65,subdistrict_population_age_65_70,subdistrict_population_age_70_75,subdistrict_population_age_75_80,subdistrict_population_age_80_85,subdistrict_population_age_85_90,subdistrict_population_age_90_95,subdistrict_population_age_95_plus,subdistrict_male_population,subdistrict_female_population,total_population,subdistrict_senior_population,subdistrict_youth_population,subdistrict_senior_share,subdistrict_youth_share,subdistrict_middle_age_population,subdistrict_avg_mietspiegel_classification,subdistrict_total_full_time_employees,subdistrict_avg_median_income_eur,classification_category,alcohol,animal_training,antiques,art,bar,bathing_place,books,butcher,childcare,clothes,community_centre,confectionery,convenience,deli,dog_park,electronics,fitness_station,florist,fountain,garden,greenfield,greengrocer,hairdresser,ice_cream,kiosk,marina,nature_reserve,nightclub,parking,pitch,playground,restaurant,second_hand,stationery,supermarket,tea;art,theatre,travel_agency,vacant,wine,yes,cafes,bakeries,green_space,schools,medical
treptow-koepenick,adlershof,1177.0,846.0,710.0,671.0,1410.0,1765.0,2274.0,1833.0,1349.0,1044.0,1235.0,1384.0,991.0,833.0,607.0,764.0,762.0,383.0,150.0,22.0,10200,10010,20210,3521.0,3404.0,0.174220682830282,0.16843146956952,0.6573478476001979,1.806201550387597,428667.0,4388.0,moderate,0,0,0,0,2,0,0,0,0,0,0,0,0,0,0,0,0,0,0,0,0,0,0,0,0,0,0,0,0,0,34,32,0,0,10,0,0,0,0,0,1,11,1,215,17,8
lichtenberg,alt-hohenschoenhausen,2960.0,2689.0,2308.0,1975.0,2360.0,2943.0,4609.0,3963.0,3415.0,2776.0,3122.0,3530.0,2956.0,2891.0,2392.0,2175.0,1729.0,869.0,344.0,64.0,24655,25415,50070,10464.0,9932.0,0.2089874176153385,0.1983622927900938,0.5926502895945676,1.5230125523012552,4613178.0,3757.875,moderate,0,0,0,0,7,0,0,0,0,0,0,0,0,0,0,0,0,0,0,0,0,0,0,0,0,0,0,0,0,0,82,20,0,0,15,0,0,0,0,0,0,9,0,375,38,8
treptow-koepenick,alt-treptow,840.0,727.0,560.0,450.0,457.0,895.0,1617.0,1685.0,1394.0,975.0,926.0,815.0,506.0,339.0,252.0,284.0,230.0,146.0,59.0,10.0,6579,6588,13167,1320.0,2577.0,0.100250626566416,0.1957165641376167,0.7040328092959672,2.306122448979592,193648.0,3998.0,moderate,0,0,0,0,4,0,0,0,0,0,1,0,0,0,0,0,0,0,0,0,0,0,0,0,0,0,0,4,0,0,15,18,0,0,7,0,0,0,0,0,0,8,1,183,13,5
treptow-koepenick,altglienicke,1724.0,1788.0,1631.0,1391.0,1417.0,1411.0,2162.0,2134.0,1973.0,1876.0,2398.0,2699.0,1960.0,1424.0,1043.0,1056.0,901.0,420.0,156.0,31.0,14638,14957,29595,5031.0,6534.0,0.1699949315762798,0.2207805372529143,0.6092245311708059,1.5,142688.0,4138.0,moderate,0,0,0,0,0,0,0,0,0,0,0,0,0,0,0,0,0,0,0,0,0,0,0,0,0,0,0,0,0,0,50,12,0,0,9,0,1,0,0,0,0,2,1,287,22,3
treptow-koepenick,baumschulenweg,880.0,732.0,620.0,569.0,866.0,1374.0,2107.0,1669.0,1227.0,962.0,1235.0,1333.0,915.0,749.0,569.0,775.0,1257.0,744.0,238.0,73.0,9070,9824,18894,4405.0,2801.0,0.2331427966550227,0.1482481210966444,0.6186090822483328,1.6901408450704225,0.0,3955.6111111111113,moderate,0,0,0,0,2,0,0,0,0,0,0,0,0,0,0,0,0,0,0,0,0,0,0,0,0,0,0,0,0,0,24,9,0,0,3,0,0,0,0,0,0,5,0,62,14,3
marzahn-hellersdorf,biesdorf,1332.0,1356.0,1170.0,1042.0,1258.0,1254.0,1700.0,1966.0,1917.0,1592.0,2088.0,2766.0,2282.0,2158.0,1442.0,1399.0,1243.0,622.0,286.0,82.0,14405,14550,28955,7232.0,4900.0,0.2497668796408219,0.1692281125884994,0.5810050077706786,1.9196787148594376,1713618.0,3911.0,moderate,0,1,0,0,0,0,0,0,0,0,0,0,0,0,0,0,0,0,0,1,0,0,0,0,0,0,0,0,0,0,56,13,0,0,12,0,0,0,0,0,0,7,0,427,30,10
pankow,blankenburg,274.0,388.0,358.0,302.0,226.0,138.0,276.0,460.0,455.0,460.0,621.0,771.0,527.0,481.0,320.0,370.0,260.0,141.0,61.0,24.0,3422,3491,6913,1657.0,1322.0,0.2396933314046,0.1912339071314913,0.5690727614639086,1.6666666666666667,929322.0,4513.0,moderate,0,0,0,0,0,0,0,0,0,0,0,0,0,0,0,0,0,0,0,0,0,0,0,0,0,0,0,0,0,0,7,2,0,0,3,0,0,0,0,0,0,1,0,38,3,1
pankow,blankenfelde,69.0,108.0,106.0,77.0,52.0,46.0,100.0,107.0,116.0,155.0,189.0,217.0,172.0,158.0,93.0,128.0,108.0,41.0,16.0,,1056,1002,2058,,360.0,,0.1749271137026239,,1.52,278025.0,3803.0,moderate,0,0,0,0,0,0,0,0,0,0,0,0,0,0,0,0,0,0,0,1,0,0,0,0,0,0,0,0,0,0,3,1,0,0,0,0,0,0,0,0,0,3,0,55,7,0
treptow-koepenick,bohnsdorf,537.0,532.0,530.0,471.0,461.0,397.0,664.0,751.0,775.0,718.0,1053.0,1222.0,900.0,723.0,567.0,641.0,538.0,224.0,112.0,43.0,5815,6044,11859,2848.0,2070.0,0.2401551564212834,0.1745509739438401,0.5852938696348765,1.4603174603174602,133182.0,3262.0,affordable,0,0,0,0,0,0,0,0,0,0,0,0,0,0,0,0,0,0,0,0,0,0,0,0,0,0,0,0,0,0,16,5,0,0,7,0,0,0,0,0,0,2,0,44,12,3
reinickendorf,borsigwalde,310.0,240.0,222.0,207.0,405.0,552.0,600.0,429.0,378.0,383.0,565.0,597.0,441.0,384.0,310.0,346.0,238.0,122.0,40.0,,3408,3361,6769,,979.0,,0.1446299305658147,,1.1666666666666667,0.0,4109.027777777778,affordable,0,0,0,0,0,0,0,0,0,0,0,0,0,0,0,0,0,0,0,0,0,0,0,0,0,0,0,0,0,0,14,5,0,0,2,0,0,0,0,0,0,1,0,26,12,3
neukoelln,britz,2095.0,2041.0,1811.0,1695.0,2407.0,3211.0,3456.0,3030.0,2619.0,2449.0,3041.0,3412.0,2753.0,2244.0,2020.0,1843.0,1549.0,759.0,317.0,94.0,21260,21586,42846,8826.0,7642.0,0.2059935583251645,0.1783597068571162,0.6156467348177193,1.2422680412371134,1103666.0,3362.5,affordable,0,0,0,0,1,0,0,0,0,0,0,0,0,0,0,0,0,0,0,3,0,0,0,0,0,0,0,1,0,0,81,31,0,0,16,0,0,0,0,0,0,13,0,524,41,5
pankow,buch,1050.0,895.0,774.0,647.0,761.0,852.0,1355.0,1347.0,1128.0,840.0,973.0,1063.0,955.0,895.0,685.0,880.0,754.0,399.0,176.0,44.0,8074,8399,16473,3833.0,3366.0,0.2326837855885388,0.2043343653250774,0.5629818490863838,1.452054794520548,133444.0,3070.0,affordable,0,0,0,0,2,0,0,0,1,0,0,0,0,0,0,0,0,0,0,0,0,0,0,0,0,0,0,0,0,0,35,4,0,0,6,0,0,0,0,0,0,3,0,310,21,8
neukoelln,buckow,1847.0,1893.0,1761.0,1764.0,2026.0,2227.0,2403.0,2280.0,2205.0,2211.0,3025.0,3183.0,2575.0,2407.0,2356.0,2628.0,2093.0,920.0,282.0,60.0,19415,20731,40146,10746.0,7265.0,0.2676729935734568,0.1809644796492801,0.5513625267772629,1.2045454545454546,526944.0,3992.0,affordable,0,0,0,0,2,0,0,0,0,0,0,0,0,0,0,0,0,0,0,0,0,0,0,0,0,0,0,1,0,0,82,29,0,0,18,0,0,0,0,0,0,1,0,97,32,13
charlottenburg-wilmersdorf,charlottenburg,5217.0,4445.0,4102.0,4245.0,7582.0,10992.0,12145.0,10253.0,8618.0,8148.0,9354.0,9996.0,8469.0,7377.0,6772.0,5507.0,3737.0,1567.0,632.0,201.0,63894,65465,129359,25793.0,18009.0,0.1993908425389806,0.1392172172017408,0.6613919402592784,2.195729537366548,9204717.0,4566.785714285715,moderate,0,0,1,1,51,0,0,0,0,0,0,0,0,4,0,1,0,0,0,3,0,0,0,0,1,0,0,12,0,0,83,471,0,0,62,0,0,0,0,1,0,253,4,539,112,47
charlottenburg-wilmersdorf,charlottenburg-nord,976.0,893.0,872.0,792.0,1108.0,1317.0,1525.0,1296.0,1306.0,1199.0,1342.0,1381.0,1178.0,987.0,832.0,877.0,861.0,424.0,192.0,64.0,9491,9931,19422,4237.0,3533.0,0.2181546699618989,0.1819071156420554,0.5999382143960457,1.04,286400.0,4522.648195488722,affordable,0,0,0,0,0,0,0,0,0,0,0,0,0,0,0,0,0,0,0,0,0,0,0,0,0,0,0,1,0,0,73,7,0,0,4,0,0,0,0,0,0,2,0,92,16,3
steglitz-zehlendorf,dahlem,692.0,890.0,987.0,1031.0,869.0,675.0,689.0,929.0,944.0,1172.0,1491.0,1334.0,982.0,884.0,908.0,1058.0,822.0,350.0,152.0,57.0,8121,8795,16916,4231.0,3600.0,0.2501182312603452,0.2128162686214235,0.5370655001182313,2.918918918918919,294816.0,5629.0,expensive,0,0,0,0,0,0,0,0,0,0,0,0,0,0,0,0,0,0,0,0,0,0,0,0,0,0,0,0,0,0,34,19,0,0,4,0,0,0,0,0,0,26,0,330,63,10
lichtenberg,falkenberg,178.0,143.0,139.0,126.0,140.0,113.0,165.0,157.0,180.0,113.0,146.0,219.0,150.0,116.0,28.0,30.0,22.0,15.0,6.0,3.0,1143,1046,2189,220.0,586.0,0.100502512562814,0.267702147099132,0.631795340338054,1.0,0.0,3575.7291666666665,affordable,0,0,0,0,0,0,0,0,0,0,0,0,0,0,0,0,0,0,0,0,0,0,0,0,0,0,0,0,0,0,8,0,0,0,1,0,0,0,0,0,0,1,0,28,3,0
spandau,falkenhagener feld,1981.0,2077.0,1954.0,1854.0,2122.0,2441.0,2725.0,2527.0,2280.0,2170.0,2600.0,2842.0,2372.0,2035.0,1740.0,1946.0,1863.0,806.0,273.0,59.0,18658,20009,38667,8722.0,7866.0,0.2255670209739571,0.2034292807820622,0.5710036982439807,1.018348623853211,943504.0,3422.8333333333335,affordable,0,0,0,0,0,0,0,0,0,0,0,0,0,0,0,0,2,0,0,0,0,0,0,0,0,0,0,0,0,0,38,11,0,0,6,0,0,0,0,0,0,0,0,93,23,5
lichtenberg,fennpfuhl,1528.0,1349.0,1162.0,1132.0,1980.0,2628.0,3502.0,2627.0,1872.0,1640.0,1816.0,1960.0,1637.0,1514.0,1811.0,2394.0,2008.0,853.0,283.0,55.0,16570,17181,33751,8918.0,5171.0,0.2642292080234659,0.1532102752511036,0.5825605167254304,1.5263157894736843,403636.0,3231.0,moderate,0,0,0,0,5,0,0,0,0,0,0,1,0,0,1,0,0,0,0,0,0,0,0,0,0,0,0,0,0,0,48,14,0,0,11,0,0,0,0,0,0,4,0,153,22,10
pankow,franzoesisch buchholz,1085.0,1254.0,1163.0,1050.0,836.0,686.0,1364.0,1613.0,1640.0,1397.0,1908.0,2092.0,1489.0,1129.0,765.0,835.0,687.0,317.0,110.0,29.0,10630,10819,21449,3872.0,4552.0,0.1805212364212783,0.2122243461233623,0.6072544174553592,1.712041884816754,1454465.0,4243.6,moderate,0,0,0,0,0,0,0,0,0,0,0,0,0,0,1,0,0,0,0,0,0,0,0,0,0,0,0,0,0,0,32,4,0,0,10,0,0,0,0,0,0,2,0,115,17,3
tempelhof-schoeneberg,friedenau,1202.0,1166.0,1210.0,1229.0,1490.0,1824.0,1986.0,1928.0,1837.0,1764.0,2233.0,2410.0,1882.0,1715.0,1472.0,1323.0,834.0,300.0,145.0,48.0,13050,14948,27998,5837.0,4807.0,0.2084791770840774,0.1716908350596471,0.6198299878562754,2.808988764044944,1092653.0,4614.5,expensive,1,0,0,0,6,0,0,0,0,0,0,0,0,0,0,0,0,0,0,0,0,0,0,0,0,0,0,0,0,0,16,56,0,0,15,0,0,0,0,0,0,22,1,312,44,7
lichtenberg,friedrichsfelde,2817.0,2167.0,1807.0,1766.0,3205.0,4388.0,5782.0,4586.0,3365.0,2478.0,2741.0,3309.0,2839.0,2936.0,2471.0,3197.0,3258.0,1631.0,564.0,116.0,26963,28460,55423,14173.0,8557.0,0.2557241578406077,0.1543943850026162,0.5898814571567761,1.653061224489796,1394834.0,3532.75,moderate,0,0,0,0,3,0,0,0,0,0,0,0,0,0,0,0,0,0,0,0,0,0,0,0,0,0,0,0,0,0,142,14,0,0,19,0,0,0,1,0,0,12,0,216,35,13
treptow-koepenick,friedrichshagen,888.0,853.0,785.0,732.0,590.0,548.0,1138.0,1257.0,1280.0,1097.0,1507.0,1591.0,1135.0,993.0,738.0,1188.0,1471.0,806.0,317.0,95.0,8761,10248,19009,5608.0,3258.0,0.2950181492977011,0.1713924982902835,0.5335893524120153,2.417391304347826,279335.0,3350.0,moderate,0,0,0,0,3,1,0,0,0,0,0,0,0,0,0,0,0,0,0,0,0,0,0,0,0,0,0,0,0,0,25,31,0,0,7,0,0,0,0,0,0,6,1,75,21,4
friedrichshain-kreuzberg,friedrichshain,7665.0,5701.0,4364.0,3508.0,6929.0,15267.0,21961.0,18100.0,13327.0,8676.0,7828.0,6317.0,4412.0,3194.0,2097.0,2723.0,2438.0,1396.0,602.0,147.0,70442,66210,136652,12597.0,21238.0,0.0921830635482832,0.1554166788630975,0.7524002575886193,2.438709677419354,5759800.0,4017.428571428571,moderate,0,0,0,0,77,0,1,1,0,0,0,0,1,0,0,0,0,0,0,1,0,0,0,0,0,0,2,29,0,0,159,308,1,0,50,0,0,0,0,0,0,141,2,776,111,26
reinickendorf,frohnau,659.0,830.0,898.0,858.0,644.0,413.0,491.0,717.0,878.0,1034.0,1401.0,1459.0,1174.0,1053.0,1124.0,1331.0,1025.0,450.0,184.0,66.0,8018,8671,16689,5233.0,3245.0,0.3135598298280304,0.1944394511354784,0.4920007190364911,2.875912408759124,0.0,4109.027777777778,expensive,0,0,0,0,2,0,0,0,0,0,0,0,0,0,0,0,0,0,0,0,0,0,0,0,0,0,0,0,0,0,7,7,0,0,5,0,0,0,0,0,0,4,1,460,15,3
spandau,gatow,105.0,147.0,172.0,194.0,135.0,118.0,114.0,132.0,185.0,162.0,298.0,318.0,310.0,265.0,244.0,279.0,184.0,73.0,21.0,13.0,1729,1740,3469,1079.0,618.0,0.3110406457192274,0.1781493225713462,0.5108100317094263,2.216666666666667,52560.0,4663.0,moderate,0,0,0,0,0,0,0,0,0,0,0,0,0,0,0,0,0,0,0,0,0,0,0,0,0,0,0,0,0,0,8,9,0,0,1,0,0,0,0,0,0,3,0,22,8,1
mitte,gesundbrunnen,5333.0,5138.0,4805.0,4713.0,7290.0,9887.0,10483.0,8054.0,6543.0,5742.0,5445.0,5432.0,3968.0,3062.0,2623.0,2240.0,1839.0,862.0,322.0,81.0,48611,45251,93862,11029.0,19989.0,0.1175022905968336,0.2129615818968272,0.6695361275063391,1.2890625,2064128.0,3610.777777777778,affordable,0,0,0,0,49,0,0,0,0,0,0,0,0,1,0,0,0,0,0,2,0,0,0,0,0,0,0,2,0,0,125,53,0,0,24,0,0,0,0,0,0,51,1,300,94,20
neukoelln,gropiusstadt,2094.0,1785.0,1645.0,1662.0,1997.0,2513.0,2695.0,2188.0,1998.0,1953.0,2294.0,2633.0,2256.0,1989.0,2048.0,2461.0,2111.0,987.0,302.0,75.0,17919,19767,37686,9973.0,7186.0,0.2646340816218224,0.19068088945497,0.5446850289232076,1.3,0.0,3829.5,affordable,0,0,0,0,2,0,0,0,0,0,0,0,0,0,0,0,0,0,0,0,0,0,0,0,0,0,0,0,0,0,78,6,0,0,10,0,0,0,0,0,0,6,0,200,25,4
charlottenburg-wilmersdorf,grunewald,479.0,505.0,461.0,466.0,450.0,484.0,558.0,622.0,669.0,713.0,841.0,838.0,695.0,633.0,700.0,857.0,659.0,297.0,161.0,88.0,5353,5823,11176,3395.0,1911.0,0.3037759484609878,0.1709914101646385,0.5252326413743736,2.854368932038835,603786.0,4554.75,expensive,0,0,0,0,0,0,0,0,0,0,0,0,0,0,0,0,0,0,0,0,0,0,0,0,0,0,0,0,0,0,10,15,0,0,1,0,0,0,0,0,0,3,0,172,11,1
treptow-koepenick,gruenau,424.0,293.0,255.0,209.0,281.0,314.0,640.0,585.0,520.0,419.0,529.0,529.0,447.0,410.0,310.0,347.0,415.0,216.0,62.0,12.0,3530,3687,7217,1772.0,1181.0,0.2455313842316752,0.1636414022447,0.5908272135236248,2.0579710144927534,0.0,3955.6111111111113,moderate,0,0,0,0,1,0,0,0,0,0,0,0,0,0,0,0,0,0,0,0,0,0,0,0,0,0,0,0,0,1,10,7,0,0,2,0,0,0,0,0,0,4,0,69,7,1
spandau,hakenfelde,1648.0,1357.0,1329.0,1291.0,1662.0,1912.0,2421.0,2079.0,1836.0,1698.0,2006.0,2360.0,1886.0,1729.0,1540.0,1618.0,1468.0,828.0,486.0,173.0,14998,16329,31327,7842.0,5625.0,0.2503271937944903,0.1795575701471574,0.5701152360583522,1.7142857142857142,882525.0,4024.75,moderate,0,0,0,0,1,0,0,0,0,0,0,0,0,0,0,0,0,0,0,0,0,0,0,0,0,0,0,0,0,0,88,16,0,0,8,0,0,0,0,0,0,8,0,110,23,6
charlottenburg-wilmersdorf,halensee,630.0,507.0,492.0,534.0,782.0,1130.0,1348.0,1151.0,1028.0,941.0,1168.0,1219.0,1004.0,978.0,852.0,821.0,580.0,216.0,83.0,33.0,7567,7930,15497,3563.0,2163.0,0.2299154675098406,0.1395754016906498,0.6305091307995095,2.5609756097560976,0.0,4522.648195488722,expensive,0,0,0,0,3,0,0,0,0,0,0,0,0,3,0,0,0,0,0,0,0,0,0,0,0,0,0,1,0,0,5,25,0,0,8,0,0,0,0,0,0,12,0,26,12,6
mitte,hansaviertel,169.0,140.0,127.0,177.0,577.0,816.0,605.0,358.0,285.0,299.0,339.0,414.0,298.0,316.0,297.0,308.0,222.0,106.0,59.0,12.0,3093,2831,5924,1320.0,613.0,0.2228224172856178,0.1034773801485482,0.6737002025658338,2.526315789473684,0.0,4317.59404040404,expensive,0,0,0,0,0,0,0,0,0,0,0,0,0,0,0,0,0,0,0,0,0,0,0,0,0,0,0,0,0,0,7,6,0,0,1,0,0,0,0,0,0,3,1,107,6,1
spandau,haselhorst,941.0,858.0,795.0,748.0,876.0,1142.0,1204.0,1240.0,1135.0,995.0,1154.0,1204.0,1015.0,774.0,749.0,690.0,576.0,264.0,96.0,15.0,7928,8543,16471,3164.0,3342.0,0.1920951976200595,0.2029020703053852,0.6050027320745552,1.0,223600.0,3413.5,affordable,0,0,0,0,1,0,0,0,0,0,0,0,0,0,0,0,0,0,0,0,0,0,0,0,0,0,0,0,0,0,44,9,0,0,5,0,0,0,0,0,0,3,0,90,14,1
reinickendorf,heiligensee,763.0,863.0,840.0,842.0,699.0,508.0,775.0,925.0,933.0,1001.0,1516.0,1742.0,1452.0,1352.0,1195.0,1230.0,962.0,357.0,126.0,18.0,8893,9206,18099,5240.0,3308.0,0.2895187579424277,0.1827725288689982,0.5277087131885739,2.0080645161290325,155992.0,4801.0,moderate,0,0,0,0,0,0,0,0,0,0,0,0,0,0,0,0,0,0,0,0,0,0,0,0,0,0,0,0,0,0,18,15,0,0,8,0,0,0,0,0,0,3,0,71,17,2
pankow,heinersdorf,380.0,390.0,357.0,338.0,365.0,368.0,592.0,536.0,481.0,500.0,644.0,739.0,517.0,472.0,351.0,314.0,236.0,133.0,53.0,13.0,4022,3757,7779,1572.0,1465.0,0.2020825298881604,0.1883275485280884,0.6095899215837511,1.9672131147540983,0.0,4091.331818181818,moderate,0,0,0,0,0,0,0,0,0,0,0,0,0,0,0,0,0,0,0,0,0,0,0,0,0,0,0,0,0,0,12,5,0,0,6,0,0,0,0,0,0,2,0,81,3,1
marzahn-hellersdorf,hellersdorf,5126.0,5050.0,4358.0,3528.0,4200.0,5370.0,8736.0,7208.0,5178.0,3752.0,5212.0,7344.0,6266.0,4351.0,2669.0,2266.0,1959.0,1045.0,398.0,87.0,41415,42688,84103,12775.0,18062.0,0.1518970785822146,0.21476047227804,0.6333424491397454,1.5,2913296.0,3087.3,moderate,0,0,0,0,11,0,0,0,0,0,0,0,0,0,0,0,0,0,0,0,0,0,0,0,0,0,0,0,0,0,240,16,0,0,25,0,0,0,0,0,0,6,0,619,65,15
reinickendorf,hermsdorf,673.0,786.0,784.0,736.0,665.0,521.0,690.0,812.0,844.0,1004.0,1332.0,1512.0,1175.0,1145.0,1164.0,1322.0,979.0,389.0,161.0,32.0,8063,8663,16726,5192.0,2979.0,0.3104149228745665,0.1781059428434772,0.5114791342819562,2.490322580645161,2433655.0,4499.222222222223,moderate,0,0,0,0,1,0,0,0,0,0,0,0,0,0,0,0,0,0,0,0,0,0,0,0,0,0,0,0,0,0,8,17,0,0,6,0,0,0,0,0,0,3,1,36,26,5
treptow-koepenick,johannisthal,954.0,882.0,758.0,768.0,935.0,1147.0,1669.0,1482.0,1294.0,1112.0,1475.0,1627.0,1167.0,965.0,734.0,955.0,1215.0,589.0,177.0,55.0,9605,10355,19960,4690.0,3362.0,0.2349699398797595,0.168436873747495,0.5965931863727455,1.8333333333333333,69888.0,4138.0,moderate,0,0,0,0,2,0,0,0,0,0,0,0,0,0,0,0,0,0,0,0,0,0,0,0,0,0,0,0,0,0,48,8,0,0,6,0,0,0,0,0,0,5,0,252,20,3
lichtenberg,karlshorst,1746.0,1739.0,1460.0,1096.0,1308.0,1620.0,2377.0,2665.0,2357.0,1801.0,2026.0,2012.0,1487.0,1198.0,834.0,945.0,888.0,415.0,182.0,50.0,13815,14391,28206,4512.0,6041.0,0.1599659646883642,0.2141742891583351,0.6258597461533008,2.388235294117647,349350.0,3710.0,moderate,0,0,0,0,1,0,0,0,0,0,0,0,0,0,0,0,0,0,0,0,0,0,0,0,0,0,0,0,0,0,57,17,0,0,8,0,0,0,0,0,0,6,0,116,36,6
pankow,karow,1147.0,1184.0,1036.0,907.0,850.0,723.0,1364.0,1521.0,1371.0,1155.0,1538.0,1724.0,1296.0,1075.0,745.0,855.0,679.0,387.0,122.0,15.0,9579,10115,19694,3878.0,4274.0,0.1969127653092312,0.2170204123083172,0.5860668223824516,1.9908256880733943,431204.0,3620.0,moderate,0,0,0,0,0,0,0,0,0,0,0,0,0,0,0,0,0,0,0,0,0,0,0,0,0,0,0,0,0,0,63,5,0,0,6,0,0,0,0,0,0,2,0,249,18,4
marzahn-hellersdorf,kaulsdorf,821.0,929.0,910.0,768.0,630.0,525.0,1029.0,1238.0,1305.0,1155.0,1641.0,2219.0,1742.0,1455.0,918.0,996.0,720.0,288.0,93.0,26.0,9613,9795,19408,4496.0,3428.0,0.2316570486397361,0.1766281945589447,0.591714756801319,2.061224489795918,923944.0,3572.6666666666665,moderate,0,0,0,0,0,0,0,0,0,0,0,0,0,0,0,0,0,0,0,0,0,0,0,0,0,0,0,0,0,0,17,11,0,0,9,0,0,0,0,0,0,2,0,294,16,6
spandau,kladow,737.0,953.0,979.0,879.0,626.0,399.0,546.0,907.0,1086.0,1028.0,1396.0,1372.0,1108.0,1015.0,1067.0,1061.0,741.0,281.0,148.0,39.0,8044,8324,16368,4352.0,3548.0,0.2658846529814271,0.2167644183773216,0.5173509286412512,2.4563106796116503,589778.0,5171.5,moderate,0,0,0,0,0,0,0,0,0,0,0,0,0,0,0,0,0,0,0,0,0,0,0,0,0,0,0,0,0,0,22,13,0,0,6,0,0,0,0,0,0,6,0,113,14,3
reinickendorf,konradshoehe,218.0,262.0,294.0,314.0,228.0,163.0,207.0,239.0,323.0,330.0,532.0,565.0,456.0,418.0,437.0,483.0,357.0,127.0,48.0,10.0,2901,3110,6011,1880.0,1088.0,0.3127599401097987,0.1810014972550324,0.5062385626351689,2.0,0.0,4109.027777777778,moderate,0,0,0,0,0,0,0,0,0,0,0,0,0,0,0,0,0,0,0,0,0,0,0,0,0,0,0,0,0,0,2,4,0,0,2,0,0,0,0,0,0,1,0,6,5,1
friedrichshain-kreuzberg,kreuzberg,7467.0,6675.0,6615.0,6247.0,8911.0,13764.0,16984.0,15055.0,13294.0,10926.0,10763.0,11077.0,8035.0,5888.0,4351.0,3240.0,2282.0,1064.0,349.0,148.0,78411,74724,153135,17322.0,27004.0,0.1131158781467332,0.1763411369053449,0.7105429849479218,1.6359832635983265,4997012.0,4006.0,moderate,0,0,0,0,90,0,0,0,0,0,0,1,0,2,0,0,0,0,0,1,0,0,0,0,0,0,0,19,0,0,199,413,0,0,57,0,0,0,0,0,0,246,2,1041,202,35
treptow-koepenick,koepenick,3270.0,2797.0,2567.0,2364.0,2840.0,3434.0,5672.0,5170.0,4286.0,3508.0,4354.0,5198.0,4181.0,3861.0,2938.0,3856.0,3978.0,2007.0,697.0,170.0,32351,34797,67148,17507.0,10998.0,0.2607225829510931,0.1637874545779472,0.5754899624709596,1.9666666666666663,2801700.0,4241.0,moderate,0,0,0,0,10,1,0,0,0,0,0,0,0,0,0,0,0,0,0,0,0,0,0,0,0,0,0,0,0,0,121,48,0,0,22,0,0,0,0,0,0,13,0,248,59,19
steglitz-zehlendorf,lankwitz,1952.0,1895.0,1662.0,1624.0,2270.0,2652.0,3014.0,2801.0,2602.0,2529.0,3160.0,3454.0,2774.0,2505.0,2407.0,2508.0,2161.0,1034.0,414.0,140.0,20651,22907,43558,11169.0,7133.0,0.2564167317140364,0.1637586666054456,0.579824601680518,2.1761658031088085,1600356.0,3715.0,moderate,0,0,0,0,2,0,0,0,0,0,0,0,0,0,0,0,0,0,0,0,0,0,0,0,0,0,0,0,0,0,61,21,0,0,14,0,0,0,0,0,0,4,0,220,43,8
lichtenberg,lichtenberg,2216.0,1733.0,1398.0,1234.0,2800.0,3962.0,5172.0,4293.0,3242.0,2177.0,2355.0,2418.0,1957.0,1451.0,1128.0,1375.0,1324.0,713.0,317.0,94.0,21274,20085,41359,6402.0,6581.0,0.1547909765710002,0.1591189342102081,0.6860900892187916,1.6689189189189189,1059828.0,3530.75,moderate,0,0,0,0,7,0,0,0,0,0,0,0,0,0,0,0,0,0,0,0,0,0,0,0,0,0,0,3,0,0,54,25,0,0,17,0,0,0,0,0,0,14,2,248,34,12
tempelhof-schoeneberg,lichtenrade,2507.0,2530.0,2523.0,2440.0,2488.0,2311.0,2655.0,3076.0,2980.0,2981.0,4034.0,4226.0,3348.0,3102.0,3034.0,3431.0,2845.0,1087.0,406.0,106.0,25080,27030,52110,14011.0,10000.0,0.2688735367491844,0.1919017463058913,0.5392247169449242,1.806201550387597,6564810.0,4147.066666666667,moderate,0,0,0,0,1,0,0,0,0,0,0,0,0,0,0,0,0,0,0,0,0,0,0,0,0,0,0,0,0,0,52,30,0,0,13,0,0,0,0,0,0,7,0,117,44,11
steglitz-zehlendorf,lichterfelde,3576.0,3905.0,4160.0,4051.0,4438.0,4384.0,4873.0,5153.0,5020.0,5191.0,6631.0,6957.0,5372.0,4901.0,5021.0,5174.0,4259.0,1835.0,757.0,227.0,41185,44700,85885,22174.0,15692.0,0.2581824532805495,0.1827094370378995,0.5591081096815509,2.2670025188916876,7269467.0,4023.6,moderate,0,0,0,0,3,0,0,0,0,0,0,0,0,0,0,0,0,0,0,0,0,0,0,0,0,0,0,0,0,0,83,68,0,0,27,0,0,0,0,0,0,21,1,424,77,18
reinickendorf,luebars,211.0,254.0,287.0,253.0,197.0,169.0,209.0,300.0,281.0,332.0,441.0,447.0,412.0,374.0,324.0,325.0,229.0,81.0,34.0,,2552,2608,5160,,1005.0,,0.1947674418604651,,1.9473684210526316,0.0,4109.027777777778,moderate,0,0,0,0,1,0,0,0,0,0,0,0,0,0,0,0,0,0,0,0,0,0,0,0,0,0,0,0,0,0,9,5,0,0,0,0,0,0,0,0,0,0,0,35,3,0
marzahn-hellersdorf,mahlsdorf,1348.0,1557.0,1349.0,1142.0,906.0,670.0,1575.0,1994.0,2084.0,1737.0,2531.0,3463.0,2641.0,2033.0,1441.0,1486.0,1137.0,456.0,164.0,43.0,14810,14947,29757,6760.0,5396.0,0.2271734381826124,0.1813354840877776,0.5914910777296098,2.374301675977654,6013326.0,4487.555555555556,moderate,0,0,0,0,0,0,0,0,0,0,0,0,0,0,0,0,0,0,0,0,0,0,0,0,0,0,0,0,0,0,21,11,0,0,10,0,0,0,0,0,0,7,0,179,24,8
lichtenberg,malchow,38.0,27.0,16.0,21.0,46.0,24.0,49.0,51.0,34.0,43.0,46.0,83.0,62.0,45.0,25.0,17.0,12.0,4.0,,,400,243,643,,102.0,,0.1586314152410575,,1.4,0.0,3575.7291666666665,affordable,0,0,0,0,0,0,0,0,0,0,0,0,0,0,0,0,0,0,0,0,0,0,0,0,0,0,0,0,0,0,6,1,0,0,0,0,0,0,0,0,0,1,0,19,4,0
tempelhof-schoeneberg,mariendorf,2458.0,2082.0,1935.0,1912.0,2747.0,3656.0,4018.0,3606.0,2978.0,2886.0,3641.0,3987.0,3292.0,2992.0,2683.0,2851.0,2641.0,1436.0,679.0,254.0,25283,27451,52734,13536.0,8387.0,0.2566844919786096,0.1590435013463799,0.5842720066750104,1.6009852216748768,3366146.0,3821.25,moderate,0,0,0,0,2,0,0,0,0,0,0,0,0,0,0,0,0,0,0,0,0,0,0,0,0,0,0,0,0,0,57,38,0,0,17,0,0,0,0,0,0,13,0,245,43,12
tempelhof-schoeneberg,marienfelde,1552.0,1588.0,1619.0,1540.0,1699.0,1719.0,1966.0,1982.0,1837.0,1867.0,2103.0,2312.0,1979.0,1839.0,1901.0,2017.0,1729.0,704.0,243.0,74.0,15629,16641,32270,8507.0,6299.0,0.2636194607995041,0.1951967771924388,0.5411837620080571,1.4305555555555556,401040.0,3824.5,affordable,0,0,0,0,1,0,0,0,0,0,0,0,0,0,0,0,0,0,0,0,0,0,0,0,0,0,0,0,0,0,45,16,0,0,14,0,0,0,0,0,0,3,0,172,33,5
marzahn-hellersdorf,marzahn,5515.0,5581.0,5397.0,4803.0,5308.0,5968.0,9089.0,8912.0,7303.0,5325.0,5729.0,7444.0,8511.0,9346.0,6244.0,4789.0,3706.0,1703.0,673.0,162.0,55701,55807,111508,26623.0,21296.0,0.2387541701043871,0.1909818129640922,0.5702640169315206,1.3089430894308942,5623560.0,3329.153846153846,affordable,0,0,0,0,9,0,0,0,0,0,0,0,0,0,0,0,0,0,1,1,0,0,0,0,0,0,0,0,0,0,291,31,0,0,38,0,0,0,0,0,0,18,0,1383,70,23
mitte,mitte,5225.0,4168.0,3617.0,2954.0,5454.0,9628.0,13154.0,10905.0,8735.0,7213.0,7330.0,6122.0,4388.0,3409.0,2605.0,2810.0,2707.0,1306.0,487.0,121.0,52070,50268,102338,13445.0,15964.0,0.1313783736246555,0.1559928863178878,0.7126287400574567,2.736559139784946,11260068.0,4507.533333333334,expensive,0,0,0,0,94,0,0,0,0,0,0,0,0,0,0,0,0,0,0,2,0,1,1,1,1,0,0,33,0,0,125,572,0,0,52,0,0,0,0,0,0,282,4,909,103,38
mitte,moabit,3913.0,3260.0,2932.0,2935.0,5888.0,9854.0,10258.0,7454.0,5618.0,4631.0,4972.0,5150.0,3960.0,3238.0,2575.0,1924.0,1491.0,650.0,259.0,59.0,42466,38555,81021,10196.0,13040.0,0.1258439170091704,0.1609459275990175,0.713210155391812,1.814102564102564,3372408.0,4541.909090909091,moderate,0,0,0,0,20,0,1,0,0,0,0,0,0,1,0,0,0,0,0,0,0,0,0,0,0,0,0,2,0,0,89,128,0,0,38,0,0,0,0,0,0,86,0,437,74,15
reinickendorf,maerkisches viertel,2390.0,2699.0,2682.0,2560.0,2321.0,2438.0,2669.0,2456.0,2343.0,2259.0,2468.0,2445.0,2060.0,1816.0,1920.0,1952.0,1602.0,728.0,250.0,61.0,19497,20622,40119,8329.0,10331.0,0.2076073680799621,0.2575089109898053,0.5348837209302325,1.5357142857142858,241136.0,3270.0,moderate,0,0,0,0,2,0,0,0,0,0,1,0,0,0,0,0,0,0,0,2,0,0,0,0,0,0,0,1,0,0,70,7,0,0,7,0,0,0,0,0,0,5,0,21,27,4
treptow-koepenick,mueggelheim,250.0,332.0,331.0,272.0,192.0,139.0,358.0,411.0,448.0,404.0,602.0,847.0,549.0,501.0,363.0,354.0,332.0,135.0,40.0,7.0,3452,3415,6867,1732.0,1185.0,0.2522207659822338,0.1725644386194844,0.5752147953982817,1.5576923076923077,0.0,3955.6111111111113,moderate,0,0,0,0,0,0,0,0,0,0,0,0,0,0,0,0,0,0,0,0,0,0,0,0,0,0,0,0,0,0,6,5,0,0,3,0,0,0,0,0,0,2,0,55,5,1
lichtenberg,neu-hohenschoenhausen,3246.0,3126.0,2981.0,2493.0,2491.0,3090.0,4867.0,4653.0,3405.0,2622.0,3235.0,5008.0,5093.0,3812.0,2237.0,1884.0,1431.0,839.0,329.0,79.0,28129,28792,56921,10611.0,11846.0,0.1864162611338521,0.2081129987175208,0.605470740148627,1.2682926829268293,0.0,3575.7291666666665,affordable,0,0,0,0,2,0,0,0,0,0,0,0,0,0,0,0,0,0,0,0,0,0,0,0,0,0,0,1,0,0,103,9,0,0,14,0,0,0,0,0,0,0,0,191,40,11
neukoelln,neukoelln,8219.0,7366.0,6777.0,6231.0,8881.0,16856.0,23264.0,19444.0,14028.0,10033.0,9571.0,9616.0,7077.0,5381.0,4203.0,3363.0,2552.0,1167.0,456.0,151.0,84080,80556,164636,17273.0,28593.0,0.1049163002016569,0.1736740445589057,0.7214096552394373,1.147186147186147,4889808.0,3974.25,affordable,0,0,0,0,118,0,0,0,0,2,0,0,0,0,0,0,0,0,0,1,0,0,1,0,0,0,0,7,0,0,163,219,0,1,67,0,0,0,0,0,0,186,4,801,135,36
treptow-koepenick,niederschoeneweide,733.0,543.0,490.0,435.0,899.0,1177.0,1513.0,1216.0,922.0,596.0,737.0,772.0,626.0,546.0,378.0,454.0,563.0,289.0,99.0,16.0,6672,6332,13004,2345.0,2201.0,0.1803291294986158,0.1692556136573362,0.650415256844048,1.7254901960784317,0.0,3955.6111111111113,moderate,0,0,0,0,6,0,0,0,0,0,0,0,0,0,0,0,0,0,0,0,0,0,0,0,0,0,0,1,0,0,33,14,0,0,6,0,0,0,0,0,0,3,2,74,20,3
pankow,niederschoenhausen,1588.0,1823.0,1791.0,1525.0,1383.0,1312.0,2164.0,2352.0,2396.0,2257.0,2833.0,2625.0,1727.0,1320.0,1084.0,1329.0,1514.0,679.0,281.0,54.0,15290,16747,32037,6261.0,6727.0,0.195430283734432,0.2099759652901333,0.5945937509754347,2.234042553191489,1116438.0,4609.75,moderate,0,0,0,0,0,0,0,0,0,0,0,0,1,0,0,0,0,0,0,0,0,0,0,0,0,0,0,0,0,0,31,13,0,0,12,0,0,0,0,0,0,9,1,210,45,4
steglitz-zehlendorf,nikolassee,452.0,605.0,617.0,632.0,534.0,369.0,425.0,597.0,634.0,758.0,898.0,952.0,767.0,775.0,776.0,801.0,624.0,285.0,104.0,37.0,5662,5980,11642,3402.0,2306.0,0.292217831987631,0.1980759319704518,0.5097062360419172,2.849056603773585,277084.0,4189.0,expensive,0,0,0,0,0,0,0,0,0,0,0,0,0,0,0,0,0,0,0,1,0,0,0,0,0,0,0,0,0,0,14,18,0,0,6,0,0,0,0,0,0,6,0,115,21,7
treptow-koepenick,oberschoeneweide,1437.0,1122.0,875.0,868.0,1977.0,2336.0,3093.0,2407.0,1711.0,1204.0,1357.0,1418.0,980.0,718.0,476.0,515.0,553.0,392.0,164.0,35.0,12120,11518,23638,2853.0,4302.0,0.1206954903122091,0.1819950926474321,0.6973094170403588,1.5280898876404494,621665.0,4078.0,moderate,0,0,0,0,5,0,0,0,0,0,0,0,0,0,0,0,0,0,0,1,0,0,0,0,0,0,0,2,0,0,40,24,0,0,6,0,0,0,0,0,0,9,0,97,27,4
pankow,pankow,3666.0,3610.0,3231.0,2446.0,2675.0,3943.0,6406.0,6241.0,5758.0,4773.0,4885.0,4299.0,2989.0,2572.0,1875.0,2035.0,2160.0,1211.0,475.0,125.0,31187,34188,65375,10453.0,12953.0,0.1598929254302103,0.1981338432122371,0.6419732313575526,2.1023622047244093,902843.0,4315.0,moderate,1,0,0,0,8,0,0,0,0,0,0,0,0,0,0,0,0,0,0,0,0,0,0,0,0,0,0,0,0,0,123,39,0,0,20,0,0,0,0,0,0,23,0,164,73,16
treptow-koepenick,plaenterwald,537.0,455.0,328.0,276.0,544.0,798.0,1180.0,1035.0,873.0,628.0,775.0,833.0,573.0,443.0,355.0,575.0,643.0,332.0,104.0,12.0,5487,5812,11299,2464.0,1596.0,0.2180723957872378,0.1412514381803699,0.6406761660323923,1.837209302325581,0.0,3955.6111111111113,moderate,0,0,0,0,0,0,0,0,0,0,0,0,0,0,0,0,0,0,0,0,0,0,0,0,0,0,0,0,0,0,25,6,0,0,4,0,0,0,0,0,0,2,0,68,10,1
pankow,prenzlauer berg,8770.0,8049.0,7239.0,5684.0,7210.0,14085.0,20574.0,17872.0,15936.0,14165.0,13521.0,9806.0,5543.0,4227.0,3256.0,3557.0,3173.0,1566.0,630.0,192.0,82185,82870,165055,16601.0,29742.0,0.1005785950137832,0.1801944806276695,0.7192269243585472,2.401384083044982,9308401.0,4736.0,moderate,0,0,0,0,86,0,0,0,0,0,0,2,0,2,1,0,0,1,0,3,0,0,0,1,0,0,0,7,0,0,182,370,0,0,71,0,0,0,0,0,0,200,6,692,184,32
treptow-koepenick,rahnsdorf,427.0,467.0,437.0,416.0,316.0,266.0,490.0,543.0,591.0,595.0,858.0,976.0,743.0,689.0,519.0,616.0,513.0,277.0,97.0,20.0,4916,4940,9856,2731.0,1747.0,0.2770900974025974,0.177252435064935,0.5456574675324676,1.287769784172662,347222.0,4007.5,affordable,0,0,0,0,0,0,0,0,0,0,0,0,0,0,0,0,0,0,0,0,0,0,0,0,0,1,0,0,0,0,22,9,0,0,4,0,0,0,0,0,0,2,0,71,8,4
reinickendorf,reinickendorf,4406.0,3862.0,3455.0,3515.0,5536.0,7308.0,7746.0,6283.0,5097.0,4813.0,5707.0,6171.0,4825.0,3790.0,3275.0,3183.0,2906.0,1409.0,519.0,166.0,42251,41721,83972,15248.0,15238.0,0.1815843376363549,0.1814652503215357,0.6369504120421092,1.0847457627118644,2676240.0,3484.1111111111113,affordable,0,0,0,0,22,0,0,0,0,0,0,0,1,0,0,0,0,0,0,6,0,0,0,0,0,0,0,0,0,0,164,47,0,0,30,0,0,0,0,0,0,18,0,942,63,18
pankow,rosenthal,435.0,522.0,534.0,539.0,487.0,336.0,544.0,615.0,627.0,674.0,987.0,985.0,698.0,543.0,430.0,426.0,314.0,152.0,28.0,9.0,4841,5044,9885,1902.0,2030.0,0.1924127465857359,0.2053616590794132,0.6022255943348508,1.5635359116022098,1223379.0,4100.0,moderate,0,0,0,0,0,0,0,0,0,0,0,0,0,0,0,0,0,0,0,0,0,0,0,0,0,0,0,0,0,0,8,6,0,0,6,0,0,0,0,0,0,2,0,34,5,1
neukoelln,rudow,2029.0,2045.0,1857.0,2044.0,2154.0,2042.0,2163.0,2420.0,2375.0,2472.0,3352.0,3693.0,2926.0,2639.0,2499.0,2595.0,2060.0,918.0,287.0,61.0,20820,21811,42631,11059.0,7975.0,0.2594121648565597,0.1870704416973563,0.5535173934460839,1.6845878136200716,1551519.0,3989.25,moderate,0,0,0,0,1,0,0,0,0,0,0,0,0,0,0,0,0,0,0,0,0,0,0,0,0,0,0,1,0,0,39,25,0,0,9,0,0,0,0,0,0,5,0,141,26,8
lichtenberg,rummelsburg,1792.0,1368.0,1009.0,847.0,1307.0,2420.0,3972.0,3395.0,2531.0,1577.0,1457.0,1243.0,876.0,610.0,358.0,384.0,305.0,168.0,69.0,9.0,13254,12443,25697,1903.0,5016.0,0.0740553371988948,0.1951978830213643,0.7307467797797408,1.941860465116279,276060.0,3692.0,moderate,0,0,0,0,11,0,0,0,0,0,0,0,0,0,0,0,0,0,0,1,0,0,0,0,0,0,0,1,0,0,44,17,0,0,7,0,0,0,0,0,0,15,0,105,25,4
charlottenburg-wilmersdorf,schmargendorf,889.0,909.0,871.0,842.0,1162.0,1223.0,1393.0,1497.0,1366.0,1375.0,1701.0,1791.0,1402.0,1352.0,1408.0,1530.0,1138.0,546.0,227.0,111.0,10570,12163,22733,6312.0,3511.0,0.2776580301763955,0.1544450798398803,0.5678968899837241,2.846938775510204,709226.0,4548.0,expensive,0,0,0,0,2,0,0,0,0,0,0,0,0,1,0,0,0,0,0,0,0,0,0,0,0,0,0,1,0,0,30,19,0,0,8,0,0,0,0,0,0,11,0,210,18,10
treptow-koepenick,schmoeckwitz,218.0,212.0,181.0,172.0,126.0,101.0,196.0,288.0,278.0,284.0,402.0,417.0,344.0,307.0,255.0,288.0,244.0,89.0,27.0,13.0,2190,2252,4442,1223.0,783.0,0.2753264295362449,0.1762719495722647,0.5484016208914904,1.3012048192771084,0.0,3955.6111111111113,affordable,0,0,0,0,0,0,0,0,0,0,0,0,0,0,0,0,0,0,0,0,0,0,0,0,0,0,0,0,0,0,3,10,0,0,0,0,0,0,0,0,0,2,0,40,4,0
tempelhof-schoeneberg,schoeneberg,5594.0,4934.0,4505.0,4450.0,6844.0,10079.0,11565.0,10184.0,8669.0,7810.0,9474.0,9860.0,7785.0,6351.0,5357.0,4159.0,2963.0,1289.0,581.0,205.0,62089,60569,122658,20905.0,19483.0,0.1704332371308842,0.1588400267410197,0.670726736128096,2.054140127388535,10589336.0,4156.111111111111,moderate,1,0,0,0,61,0,0,0,0,0,1,2,0,2,0,0,0,0,0,0,0,0,0,1,2,0,0,4,0,0,140,221,0,0,55,0,0,0,0,0,0,149,6,856,143,35
spandau,siemensstadt,650.0,637.0,600.0,562.0,813.0,1036.0,1098.0,914.0,832.0,730.0,913.0,954.0,679.0,599.0,532.0,499.0,404.0,210.0,65.0,13.0,6445,6295,12740,2322.0,2449.0,0.1822605965463108,0.1922291993720565,0.6255102040816326,1.2545454545454546,145750.0,3290.0,affordable,0,0,0,0,0,0,0,0,0,0,0,0,0,0,0,0,0,0,0,0,0,0,0,0,0,0,0,0,0,0,22,20,0,0,7,0,0,0,0,0,0,1,0,48,12,3
spandau,spandau,2158.0,1906.0,1687.0,1679.0,2752.0,3272.0,3776.0,3075.0,2536.0,2281.0,2817.0,2842.0,2251.0,1865.0,1437.0,1373.0,1108.0,554.0,229.0,55.0,20086,19567,39653,6621.0,7430.0,0.1669734950697299,0.1873754823090308,0.6456510226212393,1.0628930817610065,3101295.0,3823.769230769231,affordable,0,0,0,0,3,0,0,0,0,0,0,0,0,0,0,0,0,0,0,0,0,0,0,0,0,0,0,1,0,0,44,42,0,0,24,0,0,0,0,0,0,21,2,209,40,16
spandau,staaken,2449.0,2648.0,2555.0,2416.0,2607.0,2668.0,2926.0,2830.0,2721.0,2626.0,3443.0,3722.0,2843.0,2338.0,2191.0,2276.0,1967.0,815.0,278.0,50.0,22595,23774,46369,9915.0,10068.0,0.2138282041881429,0.2171278224675968,0.5690439733442602,1.2719665271966527,3262589.0,3706.272727272727,affordable,0,0,0,0,0,0,0,0,0,0,0,0,0,0,0,0,0,0,0,0,0,0,0,0,0,0,0,0,0,0,58,15,0,0,9,0,0,0,0,0,0,3,0,158,27,4
pankow,stadtrandsiedlung malchow,35.0,40.0,45.0,50.0,24.0,24.0,25.0,40.0,81.0,74.0,101.0,121.0,104.0,83.0,71.0,64.0,86.0,40.0,9.0,3.0,552,568,1120,356.0,170.0,0.3178571428571428,0.1517857142857142,0.5303571428571429,1.9655172413793105,0.0,4091.331818181818,moderate,0,0,0,0,0,0,0,0,0,0,0,0,0,0,0,0,0,0,0,0,0,0,0,0,0,0,0,0,0,0,1,1,0,0,0,0,0,0,0,0,0,0,0,76,2,0
steglitz-zehlendorf,steglitz,3425.0,2998.0,2701.0,2694.0,4159.0,5480.0,6341.0,5582.0,4842.0,4366.0,5592.0,5877.0,4865.0,4244.0,3907.0,3671.0,2797.0,1261.0,567.0,209.0,35692,39886,75578,16656.0,11818.0,0.2203815925269258,0.1563682553123924,0.6232501521606817,2.3973799126637556,5307762.0,4400.538461538462,moderate,0,0,0,0,9,0,0,0,0,0,1,1,0,0,0,0,0,0,0,0,1,0,0,0,0,0,0,0,0,0,46,84,0,0,28,0,0,0,0,0,0,48,1,303,88,22
reinickendorf,tegel,1602.0,1391.0,1299.0,1365.0,1823.0,2294.0,2593.0,2348.0,2158.0,2122.0,2798.0,2984.0,2329.0,2134.0,2075.0,2269.0,1765.0,898.0,390.0,127.0,17829,18935,36764,9658.0,5657.0,0.2627026438907627,0.1538733543684038,0.5834240017408334,1.846774193548387,2106264.0,4257.5,moderate,0,0,0,0,6,0,0,0,0,0,0,0,0,0,0,0,0,0,0,1,0,0,0,0,0,0,0,1,1,0,58,43,0,0,14,0,0,0,0,0,0,19,0,192,34,11
tempelhof-schoeneberg,tempelhof,3162.0,2687.0,2441.0,2265.0,3663.0,5045.0,5752.0,4868.0,4043.0,3593.0,4291.0,4641.0,3578.0,3019.0,2590.0,2454.0,2165.0,960.0,398.0,154.0,29923,31846,61769,11740.0,10555.0,0.1900629765740096,0.170878596059512,0.6390584273664783,1.7307692307692308,2581800.0,3935.5,moderate,0,0,0,0,6,0,0,0,0,0,0,0,0,0,0,0,0,0,0,2,0,0,0,0,0,0,0,2,0,0,64,42,0,0,28,0,0,0,0,0,0,22,1,481,58,13
mitte,tiergarten,653.0,578.0,493.0,520.0,1075.0,1667.0,1585.0,1305.0,1097.0,869.0,960.0,1012.0,830.0,694.0,568.0,440.0,351.0,144.0,66.0,33.0,8068,6872,14940,2296.0,2244.0,0.1536813922356091,0.1502008032128514,0.6961178045515395,2.5520833333333335,370656.0,5239.25,expensive,0,0,0,0,15,0,0,0,0,0,0,0,1,0,0,0,0,0,0,0,0,0,0,0,0,0,0,2,0,0,28,63,0,0,4,0,0,0,0,0,0,32,1,609,18,4
reinickendorf,waidmannslust,685.0,665.0,651.0,617.0,611.0,609.0,704.0,696.0,637.0,649.0,795.0,743.0,627.0,564.0,520.0,581.0,427.0,211.0,78.0,18.0,5441,5647,11088,2399.0,2618.0,0.2163600288600288,0.2361111111111111,0.54752886002886,1.7450980392156863,0.0,4109.027777777778,moderate,0,0,0,0,2,0,0,0,0,0,0,0,0,0,0,0,0,0,0,0,0,0,0,0,0,0,0,0,0,0,23,10,0,0,6,0,0,0,0,0,0,2,0,45,16,4
steglitz-zehlendorf,wannsee,357.0,524.0,550.0,458.0,372.0,331.0,383.0,469.0,569.0,662.0,871.0,880.0,650.0,664.0,678.0,742.0,634.0,204.0,95.0,33.0,4962,5164,10126,3050.0,1889.0,0.3012048192771084,0.1865494765949042,0.5122457041279873,2.8941176470588235,796195.0,4546.8,expensive,0,0,0,0,0,0,0,0,0,0,0,0,0,0,0,0,0,0,0,0,0,0,0,0,0,0,0,0,0,1,5,23,0,0,4,0,0,0,0,0,0,6,0,275,7,4
lichtenberg,wartenberg,83.0,111.0,128.0,122.0,60.0,39.0,122.0,172.0,189.0,156.0,222.0,353.0,292.0,211.0,110.0,104.0,62.0,28.0,14.0,,1293,1285,2578,,444.0,,0.1722265321955003,,1.6756756756756757,0.0,3575.7291666666665,moderate,0,0,0,0,0,0,0,0,0,0,0,0,0,0,0,0,0,0,0,0,0,0,0,0,0,0,0,0,0,0,5,2,0,0,1,0,0,0,0,0,0,0,0,48,5,0
mitte,wedding,4018.0,3359.0,3207.0,3353.0,6423.0,10356.0,10724.0,7416.0,5658.0,4793.0,5179.0,5416.0,4099.0,3199.0,2524.0,2294.0,1860.0,896.0,374.0,127.0,44027,41248,85275,11274.0,13937.0,0.132207563764292,0.1634359425388449,0.704356493696863,1.09009009009009,1848816.0,3688.5,affordable,0,0,0,0,62,0,0,0,0,0,0,0,1,0,0,0,0,0,0,0,0,0,0,0,0,0,0,2,0,0,108,81,0,0,27,0,0,0,0,0,0,73,1,687,95,40
pankow,weissensee,3024.0,2843.0,2467.0,1970.0,2455.0,3509.0,5702.0,5322.0,4499.0,3615.0,4057.0,3872.0,2569.0,1982.0,1498.0,1880.0,2080.0,986.0,349.0,76.0,26841,27914,54755,8851.0,10304.0,0.1616473381426353,0.1881837275134691,0.6501689343438956,2.039325842696629,1573876.0,4098.8,moderate,0,0,0,0,12,0,0,0,0,0,0,0,0,0,0,0,0,0,0,1,0,0,0,0,0,0,0,1,0,0,79,39,0,0,19,0,0,0,0,0,0,20,0,209,52,14
charlottenburg-wilmersdorf,westend,1457.0,1578.0,1574.0,1606.0,2531.0,2717.0,2619.0,2413.0,2388.0,2362.0,2966.0,3225.0,2428.0,2280.0,2548.0,2841.0,2253.0,998.0,421.0,123.0,19911,21417,41328,11464.0,6215.0,0.2773906310491676,0.1503823073945025,0.5722270615563299,2.5757575757575757,1390389.0,4470.6,expensive,0,0,0,0,4,0,0,0,0,0,0,0,0,0,0,0,0,0,0,0,0,0,0,0,0,0,0,0,0,0,36,46,0,0,11,0,0,1,0,0,0,20,0,247,41,15
pankow,wilhelmsruh,409.0,365.0,355.0,314.0,343.0,406.0,626.0,653.0,518.0,522.0,649.0,644.0,484.0,409.0,350.0,420.0,434.0,179.0,33.0,10.0,3857,4266,8123,1835.0,1443.0,0.2259017604333374,0.1776437276868152,0.5964545118798473,2.0,59280.0,3895.5,moderate,0,0,0,0,0,0,0,0,0,0,0,0,0,0,0,0,0,0,0,0,0,0,0,0,0,0,0,0,0,0,7,3,0,0,2,0,0,0,0,0,0,4,0,8,12,1
spandau,wilhelmstadt,1807.0,1769.0,1745.0,1674.0,2230.0,2706.0,2891.0,2713.0,2315.0,2345.0,2848.0,3285.0,2593.0,2288.0,2073.0,2207.0,1832.0,781.0,289.0,72.0,19787,20676,40463,9542.0,6995.0,0.2358203791117811,0.1728739836393742,0.5913056372488447,1.5542857142857145,595700.0,4451.666666666667,moderate,0,0,0,0,4,0,0,0,0,0,0,0,0,0,0,0,0,0,0,0,0,0,0,0,0,0,0,0,0,0,51,30,0,0,13,0,0,0,0,0,0,9,0,198,30,11
charlottenburg-wilmersdorf,wilmersdorf,3957.0,3699.0,3599.0,3534.0,5174.0,7008.0,8202.0,7237.0,6365.0,6202.0,7656.0,8148.0,6665.0,6308.0,5920.0,5510.0,4065.0,1669.0,671.0,288.0,49306,52571,101877,24431.0,14789.0,0.2398087890299086,0.1451652482896041,0.6150259626804873,2.7344398340248963,7084436.0,4473.105263157895,expensive,1,0,0,0,14,0,0,0,0,0,0,0,0,1,0,0,0,0,0,0,0,0,0,0,0,0,0,1,0,0,62,167,0,0,33,0,0,0,0,0,0,74,4,382,123,34
reinickendorf,wittenau,952.0,923.0,831.0,969.0,1383.0,1506.0,1602.0,1431.0,1252.0,1332.0,1865.0,2142.0,1685.0,1459.0,1358.0,1654.0,1426.0,666.0,231.0,59.0,12430,12296,24726,6853.0,3675.0,0.2771576478201084,0.1486289735501092,0.5742133786297824,1.390728476821192,690674.0,4342.333333333333,affordable,0,0,0,0,2,0,0,0,0,0,0,0,0,0,0,0,0,0,0,0,0,0,0,0,0,0,0,0,0,0,58,21,0,0,10,0,0,0,0,0,0,1,0,236,24,4
steglitz-zehlendorf,zehlendorf,1927.0,2380.0,2505.0,2605.0,2581.0,2341.0,2653.0,2613.0,2892.0,3160.0,4344.0,4616.0,3532.0,3256.0,3313.0,3725.0,3324.0,1595.0,695.0,271.0,25041,29287,54328,16179.0,9417.0,0.2978022382565159,0.1733360329848328,0.5288617287586511,2.619047619047619,4642176.0,4601.222222222223,expensive,0,0,0,0,4,0,0,0,0,0,0,0,0,0,0,0,0,0,0,0,0,0,0,0,0,0,0,0,0,0,76,50,0,0,18,1,0,0,0,0,0,17,0,342,56,19
